<?xml version="1.0" encoding="UTF-8"?>
<project-private xmlns="http://www.netbeans.org/ns/project-private/1">
    <editor-bookmarks xmlns="http://www.netbeans.org/ns/editor-bookmarks/2" lastBookmarkId="0"/>
    <open-files xmlns="http://www.netbeans.org/ns/projectui-open-files/2">
        <group>
            <file>file:/C:/Users/klare/Desktop/V4/V4/V3(4)/V3/progettoInfoGiusto/src/view/FinestraCorsi.java</file>
            <file>file:/C:/Users/klare/Desktop/V4/V4/V3(4)/V3/progettoInfoGiusto/src/view/FinestraAppelli.java</file>
            <file>file:/C:/Users/klare/Desktop/V4/V4/V3(4)/V3/progettoInfoGiusto/src/view/FinestraDiscipline.java</file>
            <file>file:/C:/Users/klare/Desktop/V4/V4/V3(4)/V3/progettoInfoGiusto/src/view/GUI.java</file>
            <file>file:/C:/Users/klare/Desktop/V4/V4/V3(4)/V3/progettoInfoGiusto/src/view/FinestraDocenti.java</file>
            <file>file:/C:/Users/klare/Desktop/V4/V4/V3(4)/V3/progettoInfoGiusto/src/view/FinestraStudenti.java</file>
            <file>file:/C:/Users/klare/Desktop/V4/V4/V3(4)/V3/progettoInfoGiusto/src/csv/corsi.csv</file>
            <file>file:/C:/Users/klare/Desktop/V4/V4/V3(4)/V3/progettoInfoGiusto/src/view/FinestraIscrizioni.java</file>
            <file>file:/C:/Users/klare/Desktop/V4/V4/V3(4)/V3/progettoInfoGiusto/src/controller/GestoreView.java</file>
            <file>file:/C:/Users/klare/Desktop/V4/V4/V3(4)/V3/progettoInfoGiusto/src/csv/appelli.csv</file>
            <file>file:/C:/Users/klare/Desktop/V4/V4/V3(4)/V3/progettoInfoGiusto/src/model/Corso.java</file>
            <file>file:/C:/Users/klare/Desktop/V4/V4/V3(4)/V3/progettoInfoGiusto/src/model/Disciplina.java</file>
            <file>file:/C:/Users/klare/Desktop/V4/V4/V3(4)/V3/progettoInfoGiusto/src/model/Appello.java</file>
            <file>file:/C:/Users/klare/Desktop/V4/V4/V3(4)/V3/progettoInfoGiusto/src/model/Docente.java</file>
            <file>file:/C:/Users/klare/Desktop/V4/V4/V3(4)/V3/progettoInfoGiusto/src/model/Studente.java</file>
        </group>
    </open-files>
</project-private>
